{
    "sr": 22050,
    "chords": [
        [
            "A#m",
            0.0
        ],
        [
            "G",
            2.693514739229025
        ],
        [
            "C",
            3.3901133786848074
        ],
        [
            "Gm",
            11.563537414965987
        ],
        [
            "C",
            13.328253968253968
        ],
        [
            "G",
            21.408798185941045
        ],
        [
            "C",
            24.33451247165533
        ],
        [
            "G",
            26.447528344671202
        ],
        [
            "C",
            29.350022675736962
        ],
        [
            "G",
            31.30049886621315
        ],
        [
            "C",
            34.319092970521545
        ],
        [
            "G",
            41.26185941043084
        ],
        [
            "C",
            44.210793650793654
        ],
        [
            "G",
            46.32380952380952
        ],
        [
            "Fm",
            49.179863945578234
        ],
        [
            "Gm",
            49.574603174603176
        ],
        [
            "F",
            52.43065759637188
        ],
        [
            "G",
            54.868752834467124
        ],
        [
            "F",
            57.330068027210885
        ],
        [
            "D",
            59.8378231292517
        ],
        [
            "F#m",
            61.32390022675737
        ],
        [
            "G",
            62.27591836734694
        ],
        [
            "C",
            63.97097505668934
        ],
        [
            "G",
            66.13043083900227
        ],
        [
            "C",
            68.96326530612245
        ],
        [
            "G",
            70.93696145124717
        ],
        [
            "C",
            73.86267573696145
        ],
        [
            "G",
            76.02213151927438
        ],
        [
            "Fm",
            76.48653061224489
        ],
        [
            "Gm",
            77.25278911564625
        ],
        [
            "C",
            83.91691609977325
        ],
        [
            "G",
            90.44172335600906
        ],
        [
            "C",
            92.53151927437642
        ]
    ],
    "bars": [
        [
            0.11609977324263039,
            0.7430385487528345,
            1.3931972789115645,
            2.1130158730158732
        ],
        [
            2.8328344671201813,
            3.4597732426303853,
            4.08671201814059,
            4.713650793650793
        ],
        [
            5.317369614512471,
            5.944308390022676,
            6.5712471655328795,
            7.198185941043084
        ],
        [
            7.825124716553288,
            8.452063492063493,
            9.05578231292517,
            9.682721088435374
        ],
        [
            10.309659863945578,
            10.936598639455783,
            11.563537414965987,
            12.167256235827665
        ],
        [
            12.794195011337868,
            13.397913832199546,
            14.001632653061224,
            14.628571428571428
        ],
        [
            15.255510204081633,
            15.85922902494331,
            16.555827664399093,
            17.322086167800453
        ],
        [
            17.949024943310658,
            18.575963718820862,
            19.202902494331067,
            19.82984126984127
        ],
        [
            20.456780045351476,
            21.083718820861677,
            21.687437641723356,
            22.31437641723356
        ],
        [
            22.941315192743765,
            23.56825396825397,
            24.171972789115646,
            24.822131519274375
        ],
        [
            25.44907029478458,
            26.076009070294784,
            26.679727891156464,
            27.30666666666667
        ],
        [
            27.93360544217687,
            28.560544217687074,
            29.164263038548754,
            29.791201814058958
        ],
        [
            30.418140589569163,
            31.045079365079363,
            31.672018140589568,
            32.298956916099776
        ],
        [
            32.90267573696145,
            33.52961451247165,
            34.13333333333333,
            34.76027210884354
        ],
        [
            35.38721088435374,
            36.014149659863946,
            36.617868480725626,
            37.24480725623583
        ],
        [
            37.871746031746035,
            38.49868480725623,
            39.10240362811791,
            39.72934240362812
        ],
        [
            40.333061224489796,
            40.96,
            41.586938775510205,
            42.21387755102041
        ],
        [
            42.81759637188209,
            43.42131519274376,
            44.04825396825397,
            44.67519274376417
        ],
        [
            45.302131519274376,
            45.905850340136055,
            46.53278911564626,
            47.13650793650794
        ],
        [
            47.763446712018144,
            48.39038548752834,
            49.017324263038546,
            49.621043083900226
        ],
        [
            50.24798185941043,
            50.874920634920635,
            51.478639455782314,
            52.10557823129252
        ],
        [
            52.73251700680272,
            53.336235827664396,
            53.9631746031746,
            54.590113378684805
        ],
        [
            55.193832199546485,
            55.82077097505669,
            56.447709750566894,
            57.05142857142857
        ],
        [
            57.67836734693878,
            58.28208616780045,
            58.909024943310655,
            59.512743764172335
        ],
        [
            60.13968253968254,
            60.766621315192744,
            61.39356009070295,
            62.02049886621315
        ],
        [
            62.62421768707483,
            63.227936507936505,
            63.831655328798185,
            64.45859410430839
        ],
        [
            65.0855328798186,
            65.7124716553288,
            66.31619047619047,
            66.94312925170068
        ],
        [
            67.57006802721088,
            68.19700680272109,
            68.80072562358276,
            69.42766439909298
        ],
        [
            70.03138321995465,
            70.65832199546485,
            71.28526077097506,
            71.91219954648525
        ],
        [
            72.51591836734694,
            73.11963718820861,
            73.74657596371883,
            74.37351473922902
        ],
        [
            74.97723356009071,
            75.60417233560091,
            76.2311111111111,
            76.83482993197279
        ],
        [
            77.46176870748299,
            78.0887074829932,
            78.69242630385487,
            79.31936507936508
        ],
        [
            79.94630385487528,
            80.55002267573695,
            81.17696145124717,
            81.80390022675736
        ],
        [
            82.40761904761905,
            83.01133786848072,
            83.63827664399093,
            84.26521541950113
        ],
        [
            84.89215419501134,
            85.51909297052154,
            86.12281179138321,
            86.74975056689343
        ],
        [
            87.3534693877551,
            87.98040816326531,
            88.6073469387755,
            89.23428571428572
        ],
        [
            89.83800453514739,
            90.4649433106576,
            91.06866213151928,
            91.69560090702947
        ],
        [
            92.29931972789116,
            92.92625850340136,
            93.52997732426304,
            94.15691609977324
        ]
    ],
    "bound_frames": [
        5,
        4276
    ],
    "bound_segs": [
        1
    ],
    "tonality": "G minor",