{
    "sr": 22050,
    "chords": [
        [
            "Gm",
            0.0
        ],
        [
            "G#m",
            9.613061224489796
        ],
        [
            "Gm",
            11.029478458049887
        ],
        [
            "G#m",
            12.654875283446712
        ],
        [
            "Gm",
            14.396371882086168
        ]
    ],
    "bars": [
        [
            0.301859410430839,
            0.6733786848072563,
            1.0216780045351475,
            1.3931972789115645
        ],
        [
            1.7647165532879818,
            2.136235827664399,
            2.48453514739229,
            2.8560544217687074
        ],
        [
            3.2275736961451247,
            3.599092970521542,
            3.9706122448979593,
            4.31891156462585
        ],
        [
            4.667210884353741,
            5.038730158730159,
            5.410249433106576,
            5.758548752834467
        ],
        [
            6.130068027210885,
            6.501587301587302,
            6.873106575963718,
            7.244625850340136
        ],
        [
            7.616145124716553,
            7.987664399092971,
            8.335963718820862,
            8.70748299319728
        ],
        [
            9.079002267573696,
            9.450521541950113,
            9.822040816326531,
            10.193560090702947
        ],
        [
            10.541859410430838,
            10.913378684807256,
            11.284897959183674,
            11.656417233560092
        ],
        [
            12.027936507936507,
            12.376235827664399,
            12.747755102040816,
            13.119274376417234
        ],
        [
            13.49079365079365,
            13.839092970521541,
            14.210612244897959,
            14.582131519274377
        ],
        [
            14.953650793650795,
            15.301950113378684,
            15.673469387755102,
            16.021768707482995
        ],
        [
            16.39328798185941,
            16.764807256235827,
            17.136326530612244,
            17.484625850340137
        ],
        [
            17.856145124716555,
            18.22766439909297,
            18.599183673469387,
            18.970702947845805
        ],
        [
            19.342222222222222,
            19.690521541950112,
            20.06204081632653,
            20.433560090702947
        ],
        [
            20.78185941043084,
            21.153378684807254,
            21.524897959183672,
            21.89641723356009
        ],
        [
            22.267936507936508,
            22.639455782312925,
            23.010975056689343,
            23.359274376417233
        ],
        [
            23.73079365079365,
            24.102312925170068,
            24.450612244897957,
            24.822131519274375
        ],
        [
            25.193650793650793,
            25.541950113378686,
            25.913469387755104,
            26.284988662131518
        ],
        [
            26.656507936507936,
            27.00480725623583,
            27.39954648526077,
            27.77106575963719
        ],
        [
            28.11936507936508,
            28.490884353741496,
            28.862403628117914,
            29.23392290249433
        ],
        [
            29.60544217687075,
            29.976961451247167,
            30.325260770975056,
            30.696780045351474
        ],
        [
            31.068299319727892,
            31.41659863945578,
            31.7881179138322,
            32.15963718820862
        ],
        [
            32.53115646258503,
            32.879455782312924,
            33.25097505668934,
            33.62249433106576
        ],
        [
            33.97079365079365,
            34.34231292517007,
            34.71383219954649,
            35.085351473922906
        ],
        [
            35.43365079365079,
            35.80517006802721,
            36.17668934240363,
            36.548208616780045
        ],
        [
            36.91972789115646,
            37.268027210884355,
            37.61632653061225,
            37.964625850340134
        ],
        [
            38.35936507936508,
            38.730884353741494,
            39.10240362811791,
            39.47392290249433
        ],
        [
            39.84544217687075,
            40.19374149659864,
            40.56526077097506,
            40.936780045351476
        ],
        [
            41.308299319727894,
            41.65659863945578,
            42.0281179138322,
            42.37641723356009
        ],
        [
            42.77115646258503,
            43.14267573696145,
            43.490975056689344,
            43.86249433106576
        ],
        [
            44.23401360544218,
            44.582312925170065,
            44.95383219954648,
            45.3253514739229
        ],
        [
            45.69687074829932,
            46.04517006802721,
            46.393469387755104,
            46.78820861678005
        ],
        [
            47.159727891156464,
            47.50802721088435,
            47.9027664399093,
            48.27428571428572
        ],
        [
            48.6225850340136,
            48.99410430839002,
            49.342403628117914,
            49.73714285714286
        ],
        [
            50.108662131519274,
            50.45696145124717,
            50.828480725623585,
            51.17678004535147
        ],
        [
            51.54829931972789,
            51.919818594104306,
            52.291337868480724,
            52.66285714285714
        ],
        [
            53.011156462585035,
            53.35945578231293,
            53.730975056689346,
            54.102494331065756
        ],
        [
            54.474013605442174,
            54.84553287981859,
            55.21705215419501,
            55.58857142857143
        ],
        [
            55.960090702947845,
            56.30839002267574,
            56.679909297052156,
            57.02820861678005
        ],
        [
            57.39972789115646,
            57.77124716553288,
            58.142766439909295,
            58.51428571428571
        ],
        [
            58.862585034013605,
            59.23410430839002,
            59.60562358276644,
            59.953922902494334
        ],
        [
            60.32544217687075,
            60.69696145124716,
            61.06848072562358,
            61.44
        ],
        [
            61.811519274376415,
            62.18303854875283,
            62.531337868480726,
            62.902857142857144
        ],
        [
            63.27437641723356,
            63.64589569160998,
            63.994195011337865,
            64.36571428571429
        ]
    ],
    "bound_frames": [
        0,
        155,
        753,
        1211,
        1635,
        2220,
        2825
    ],
    "bound_segs": [
        1,
        2,
        3,
        4,
        3,
        2,
        2
    ],
    "tonality": "G minor",
    "functional_harmony": [
        [
            "i",
            0.0
        ],
        [
            "#i",
            9.613061224489796
        ],
        [
            "i",
            11.029478458049887
        ],
        [
            "#i",
            12.654875283446712
        ],
        [
            "i",
            14.396371882086168
        ]
    ]
}